what,kind,bundleId,bundleVersion,description,time
activated,view,org.eclipse.jdt.ui,3.7.1.r371_v20110824-0800,"org.eclipse.jdt.ui.PackageExplorer",1337123070111
activated,editor,com.android.ide.eclipse.adt,18.0.0.v201203301601-306762,"com.android.ide.eclipse.editors.manifest.ManifestEditor",1337123081115
activated,view,org.eclipse.jdt.ui,3.7.1.r371_v20110824-0800,"org.eclipse.jdt.ui.PackageExplorer",1337123081166
activated,editor,com.android.ide.eclipse.adt,18.0.0.v201203301601-306762,"com.android.ide.eclipse.editors.manifest.ManifestEditor",1337123084908
executed,command,org.eclipse.ui,3.7.0.I20110602-0100,"org.eclipse.ui.edit.delete",1337123087429
executed,command,org.eclipse.ui,3.7.0.I20110602-0100,"org.eclipse.ui.edit.text.contentAssist.proposals",1337123089053
executed,command,org.eclipse.ui,3.7.0.I20110602-0100,"org.eclipse.ui.file.save",1337123096807
deactivated,workbench,org.eclipse.ui.workbench,3.7.0.I20110519-0100,"",1337123097257
activated,workbench,org.eclipse.ui.workbench,3.7.0.I20110519-0100,"",1337123098580
activated,view,org.eclipse.jdt.ui,3.7.1.r371_v20110824-0800,"org.eclipse.jdt.ui.PackageExplorer",1337123103385
deactivated,workbench,org.eclipse.ui.workbench,3.7.0.I20110519-0100,"",1337123107009
executed,command,org.eclipse.ui,3.7.0.I20110602-0100,"org.eclipse.ui.edit.delete",1337123107951
activated,workbench,org.eclipse.ui.workbench,3.7.0.I20110519-0100,"",1337123108026
activated,editor,org.eclipse.jdt.ui,3.7.1.r371_v20110824-0800,"org.eclipse.jdt.ui.CompilationUnitEditor",1337123113192
activated,view,org.eclipse.jdt.ui,3.7.1.r371_v20110824-0800,"org.eclipse.jdt.ui.PackageExplorer",1337123113244
activated,editor,org.eclipse.jdt.ui,3.7.1.r371_v20110824-0800,"org.eclipse.jdt.ui.CompilationUnitEditor",1337123116810
executed,command,,,"AUTOGEN:::org.eclipse.jdt.internal.ui.CompilationUnitEditor.ruler.actions/org.eclipse.jdt.internal.ui.javaeditor.JavaSelectRulerAction",1337123117316
deactivated,workbench,org.eclipse.ui.workbench,3.7.0.I20110519-0100,"",1337123123639
activated,workbench,org.eclipse.ui.workbench,3.7.0.I20110519-0100,"",1337123124556
deactivated,workbench,org.eclipse.ui.workbench,3.7.0.I20110519-0100,"",1337123124619
activated,workbench,org.eclipse.ui.workbench,3.7.0.I20110519-0100,"",1337123126488
activated,view,org.eclipse.jdt.ui,3.7.1.r371_v20110824-0800,"org.eclipse.jdt.ui.PackageExplorer",1337123138951
activated,editor,org.eclipse.jdt.ui,3.7.1.r371_v20110824-0800,"org.eclipse.jdt.ui.CompilationUnitEditor",1337123144420
executed,command,org.eclipse.ui,3.7.0.I20110602-0100,"org.eclipse.ui.edit.copy",1337123145381
executed,command,org.eclipse.ui,3.7.0.I20110602-0100,"org.eclipse.ui.edit.paste",1337123146523
activated,view,org.eclipse.jdt.ui,3.7.1.r371_v20110824-0800,"org.eclipse.jdt.ui.PackageExplorer",1337123150091
activated,editor,com.android.ide.eclipse.adt,18.0.0.v201203301601-306762,"com.android.ide.eclipse.editors.manifest.ManifestEditor",1337123153394
activated,view,org.eclipse.jdt.ui,3.7.1.r371_v20110824-0800,"org.eclipse.jdt.ui.PackageExplorer",1337123153470
activated,editor,com.android.ide.eclipse.adt,18.0.0.v201203301601-306762,"com.android.ide.eclipse.editors.manifest.ManifestEditor",1337123155410
executed,command,org.eclipse.ui,3.7.0.I20110602-0100,"org.eclipse.ui.edit.paste",1337123155834
executed,command,org.eclipse.ui,3.7.0.I20110602-0100,"org.eclipse.ui.edit.undo",1337123157107
executed,command,org.eclipse.ui,3.7.0.I20110602-0100,"org.eclipse.ui.edit.paste",1337123159635
executed,command,org.eclipse.ui,3.7.0.I20110602-0100,"org.eclipse.ui.file.save",1337123160680
deactivated,workbench,org.eclipse.ui.workbench,3.7.0.I20110519-0100,"",1337123161111
activated,workbench,org.eclipse.ui.workbench,3.7.0.I20110519-0100,"",1337123162265
activated,view,org.eclipse.jdt.ui,3.7.1.r371_v20110824-0800,"org.eclipse.jdt.ui.PackageExplorer",1337123165790
executed,command,,,"com.android.ide.eclipse.adt.debug.launching.LaunchShortcut.run",1337123169614
deactivated,workbench,org.eclipse.ui.workbench,3.7.0.I20110519-0100,"",1337123170198
activated,workbench,org.eclipse.ui.workbench,3.7.0.I20110519-0100,"",1337123171867
deactivated,workbench,org.eclipse.ui.workbench,3.7.0.I20110519-0100,"",1337123177762
activated,workbench,org.eclipse.ui.workbench,3.7.0.I20110519-0100,"",1337123200660
activated,editor,com.android.ide.eclipse.adt,18.0.0.v201203301601-306762,"com.android.ide.eclipse.editors.manifest.ManifestEditor",1337123201185
activated,view,org.eclipse.jdt.ui,3.7.1.r371_v20110824-0800,"org.eclipse.jdt.ui.PackageExplorer",1337123205183
deactivated,workbench,org.eclipse.ui.workbench,3.7.0.I20110519-0100,"",1337123229066
activated,workbench,org.eclipse.ui.workbench,3.7.0.I20110519-0100,"",1337123231036
activated,editor,com.android.ide.eclipse.adt,18.0.0.v201203301601-306762,"com.android.ide.eclipse.editors.manifest.ManifestEditor",1337123231088
deactivated,workbench,org.eclipse.ui.workbench,3.7.0.I20110519-0100,"",1337123242419
activated,workbench,org.eclipse.ui.workbench,3.7.0.I20110519-0100,"",1337123286526
activated,view,org.eclipse.jdt.ui,3.7.1.r371_v20110824-0800,"org.eclipse.jdt.ui.PackageExplorer",1337123293371
activated,editor,com.android.ide.eclipse.adt,18.0.0.v201203301601-306762,"com.android.ide.eclipse.editors.manifest.ManifestEditor",1337123297068
deactivated,workbench,org.eclipse.ui.workbench,3.7.0.I20110519-0100,"",1337123299491
activated,workbench,org.eclipse.ui.workbench,3.7.0.I20110519-0100,"",1337123301338
deactivated,workbench,org.eclipse.ui.workbench,3.7.0.I20110519-0100,"",1337123302898
activated,workbench,org.eclipse.ui.workbench,3.7.0.I20110519-0100,"",1337123531424
activated,view,org.eclipse.jdt.ui,3.7.1.r371_v20110824-0800,"org.eclipse.jdt.ui.PackageExplorer",1337123538454
activated,editor,org.eclipse.jdt.ui,3.7.1.r371_v20110824-0800,"org.eclipse.jdt.ui.CompilationUnitEditor",1337123538592
activated,view,org.eclipse.jdt.ui,3.7.1.r371_v20110824-0800,"org.eclipse.jdt.ui.PackageExplorer",1337123538660
activated,editor,org.eclipse.jdt.ui,3.7.1.r371_v20110824-0800,"org.eclipse.jdt.ui.CompilationUnitEditor",1337123566121
activated,view,org.eclipse.jdt.ui,3.7.1.r371_v20110824-0800,"org.eclipse.jdt.ui.PackageExplorer",1337123570665
activated,editor,org.eclipse.jdt.ui,3.7.1.r371_v20110824-0800,"org.eclipse.jdt.ui.CompilationUnitEditor",1337123570949
activated,view,org.eclipse.jdt.ui,3.7.1.r371_v20110824-0800,"org.eclipse.jdt.ui.PackageExplorer",1337123570994
activated,editor,org.eclipse.jdt.ui,3.7.1.r371_v20110824-0800,"org.eclipse.jdt.ui.CompilationUnitEditor",1337123573311
activated,view,org.eclipse.jdt.ui,3.7.1.r371_v20110824-0800,"org.eclipse.jdt.ui.PackageExplorer",1337123573350
activated,editor,org.eclipse.jdt.ui,3.7.1.r371_v20110824-0800,"org.eclipse.jdt.ui.CompilationUnitEditor",1337123583673
activated,view,org.eclipse.jdt.ui,3.7.1.r371_v20110824-0800,"org.eclipse.jdt.ui.PackageExplorer",1337123583713
activated,editor,org.eclipse.jdt.ui,3.7.1.r371_v20110824-0800,"org.eclipse.jdt.ui.CompilationUnitEditor",1337123592341
activated,view,org.eclipse.jdt.ui,3.7.1.r371_v20110824-0800,"org.eclipse.jdt.ui.PackageExplorer",1337123600644
activated,editor,org.eclipse.jdt.ui,3.7.1.r371_v20110824-0800,"org.eclipse.jdt.ui.CompilationUnitEditor",1337123600748
activated,view,org.eclipse.jdt.ui,3.7.1.r371_v20110824-0800,"org.eclipse.jdt.ui.PackageExplorer",1337123600794
activated,editor,org.eclipse.jdt.ui,3.7.1.r371_v20110824-0800,"org.eclipse.jdt.ui.CompilationUnitEditor",1337123602099
executed,command,org.eclipse.ui,3.7.0.I20110602-0100,"org.eclipse.ui.edit.findReplace",1337123606803
deactivated,workbench,org.eclipse.ui.workbench,3.7.0.I20110519-0100,"",1337123606845
executed,command,org.eclipse.ui,3.7.0.I20110602-0100,"org.eclipse.ui.edit.paste",1337123607769
activated,workbench,org.eclipse.ui.workbench,3.7.0.I20110519-0100,"",1337123619529
executed,command,org.eclipse.ui,3.7.0.I20110602-0100,"org.eclipse.ui.edit.findReplace",1337123661942
deactivated,workbench,org.eclipse.ui.workbench,3.7.0.I20110519-0100,"",1337123661966
activated,workbench,org.eclipse.ui.workbench,3.7.0.I20110519-0100,"",1337123671274
executed,command,org.eclipse.ui,3.7.0.I20110602-0100,"org.eclipse.ui.edit.copy",1337123780580
executed,command,org.eclipse.ui,3.7.0.I20110602-0100,"org.eclipse.ui.edit.findReplace",1337123780974
deactivated,workbench,org.eclipse.ui.workbench,3.7.0.I20110519-0100,"",1337123781004
activated,workbench,org.eclipse.ui.workbench,3.7.0.I20110519-0100,"",1337123784358
executed,command,org.eclipse.ui,3.7.0.I20110602-0100,"org.eclipse.ui.file.save",1337123788601
activated,view,org.eclipse.jdt.ui,3.7.1.r371_v20110824-0800,"org.eclipse.jdt.ui.PackageExplorer",1337123791562
activated,editor,org.eclipse.jdt.ui,3.7.1.r371_v20110824-0800,"org.eclipse.jdt.ui.CompilationUnitEditor",1337123791714
activated,view,org.eclipse.jdt.ui,3.7.1.r371_v20110824-0800,"org.eclipse.jdt.ui.PackageExplorer",1337123791781
activated,editor,org.eclipse.jdt.ui,3.7.1.r371_v20110824-0800,"org.eclipse.jdt.ui.CompilationUnitEditor",1337123797043
activated,editor,org.eclipse.jdt.ui,3.7.1.r371_v20110824-0800,"org.eclipse.jdt.ui.CompilationUnitEditor",1337123808926
closed,editor,org.eclipse.jdt.ui,3.7.1.r371_v20110824-0800,"org.eclipse.jdt.ui.CompilationUnitEditor",1337123808926
activated,editor,org.eclipse.jdt.ui,3.7.1.r371_v20110824-0800,"org.eclipse.jdt.ui.CompilationUnitEditor",1337123809974
activated,editor,org.eclipse.jdt.ui,3.7.1.r371_v20110824-0800,"org.eclipse.jdt.ui.CompilationUnitEditor",1337123817416
closed,editor,org.eclipse.jdt.ui,3.7.1.r371_v20110824-0800,"org.eclipse.jdt.ui.CompilationUnitEditor",1337123817416
activated,editor,org.eclipse.jdt.ui,3.7.1.r371_v20110824-0800,"org.eclipse.jdt.ui.CompilationUnitEditor",1337123818237
activated,editor,org.eclipse.jdt.ui,3.7.1.r371_v20110824-0800,"org.eclipse.jdt.ui.CompilationUnitEditor",1337123823404
closed,editor,org.eclipse.jdt.ui,3.7.1.r371_v20110824-0800,"org.eclipse.jdt.ui.CompilationUnitEditor",1337123823404
activated,view,org.eclipse.jdt.ui,3.7.1.r371_v20110824-0800,"org.eclipse.jdt.ui.PackageExplorer",1337123825003
deactivated,workbench,org.eclipse.ui.workbench,3.7.0.I20110519-0100,"",1337123827432
executed,command,org.eclipse.ui,3.7.0.I20110602-0100,"org.eclipse.ui.edit.delete",1337123828760
activated,workbench,org.eclipse.ui.workbench,3.7.0.I20110519-0100,"",1337123828796
activated,editor,org.eclipse.jdt.ui,3.7.1.r371_v20110824-0800,"org.eclipse.jdt.ui.CompilationUnitEditor",1337123830241
activated,editor,org.eclipse.jdt.ui,3.7.1.r371_v20110824-0800,"org.eclipse.jdt.ui.CompilationUnitEditor",1337123831289
activated,view,org.eclipse.jdt.ui,3.7.1.r371_v20110824-0800,"org.eclipse.jdt.ui.PackageExplorer",1337123833921
executed,command,org.eclipse.jdt.ui,3.7.1.r371_v20110824-0800,"org.eclipse.jdt.ui.edit.text.java.copy.qualified.name",1337123836313
executed,command,,,"com.android.ide.eclipse.adt.debug.launching.LaunchShortcut.run",1337123840166
activated,view,org.eclipse.ui.console,3.5.100.v20110511,"org.eclipse.ui.console.ConsoleView",1337123845147
deactivated,workbench,org.eclipse.ui.workbench,3.7.0.I20110519-0100,"",1337123847913
activated,view,com.android.ide.eclipse.ddms,18.0.0.v201203301601-306762,"com.android.ide.eclipse.ddms.views.LogCatView",1337123850616
activated,workbench,org.eclipse.ui.workbench,3.7.0.I20110519-0100,"",1337123883058
activated,view,org.eclipse.jdt.ui,3.7.1.r371_v20110824-0800,"org.eclipse.jdt.ui.PackageExplorer",1337123883134
activated,editor,org.eclipse.jdt.ui,3.7.1.r371_v20110824-0800,"org.eclipse.jdt.ui.CompilationUnitEditor",1337123883621
activated,editor,org.eclipse.jdt.ui,3.7.1.r371_v20110824-0800,"org.eclipse.jdt.ui.CompilationUnitEditor",1337123887063
activated,view,org.eclipse.jdt.ui,3.7.1.r371_v20110824-0800,"org.eclipse.jdt.ui.PackageExplorer",1337123910816
opened,editor,com.android.ide.eclipse.adt,18.0.0.v201203301601-306762,"com.android.ide.eclipse.editors.CommonXmlEditor",1337123926348
activated,editor,com.android.ide.eclipse.adt,18.0.0.v201203301601-306762,"com.android.ide.eclipse.editors.CommonXmlEditor",1337123926488
activated,view,org.eclipse.jdt.ui,3.7.1.r371_v20110824-0800,"org.eclipse.jdt.ui.PackageExplorer",1337123926542
activated,editor,com.android.ide.eclipse.adt,18.0.0.v201203301601-306762,"com.android.ide.eclipse.editors.CommonXmlEditor",1337123931028
activated,editor,org.eclipse.jdt.ui,3.7.1.r371_v20110824-0800,"org.eclipse.jdt.ui.CompilationUnitEditor",1337123935191
closed,editor,com.android.ide.eclipse.adt,18.0.0.v201203301601-306762,"com.android.ide.eclipse.editors.CommonXmlEditor",1337123935191
activated,view,org.eclipse.jdt.ui,3.7.1.r371_v20110824-0800,"org.eclipse.jdt.ui.PackageExplorer",1337123943962
deactivated,workbench,org.eclipse.ui.workbench,3.7.0.I20110519-0100,"",1337123950245
executed,command,org.eclipse.ui,3.7.0.I20110602-0100,"org.eclipse.ui.edit.delete",1337123951447
activated,workbench,org.eclipse.ui.workbench,3.7.0.I20110519-0100,"",1337123951531
deactivated,workbench,org.eclipse.ui.workbench,3.7.0.I20110519-0100,"",1337123957026
activated,workbench,org.eclipse.ui.workbench,3.7.0.I20110519-0100,"",1337123958909
deactivated,workbench,org.eclipse.ui.workbench,3.7.0.I20110519-0100,"",1337123961792
executed,command,org.eclipse.ui,3.7.0.I20110602-0100,"org.eclipse.ui.edit.delete",1337123962973
activated,workbench,org.eclipse.ui.workbench,3.7.0.I20110519-0100,"",1337123963065
deactivated,workbench,org.eclipse.ui.workbench,3.7.0.I20110519-0100,"",1337123970562
executed,command,org.eclipse.ui,3.7.0.I20110602-0100,"org.eclipse.ui.edit.delete",1337123971765
activated,workbench,org.eclipse.ui.workbench,3.7.0.I20110519-0100,"",1337123971832
opened,editor,com.android.ide.eclipse.adt,18.0.0.v201203301601-306762,"com.android.ide.eclipse.editors.CommonXmlEditor",1337123993532
activated,editor,com.android.ide.eclipse.adt,18.0.0.v201203301601-306762,"com.android.ide.eclipse.editors.CommonXmlEditor",1337123993677
activated,view,org.eclipse.jdt.ui,3.7.1.r371_v20110824-0800,"org.eclipse.jdt.ui.PackageExplorer",1337124003744
error,log,,,"activity_about.xml: Failed to convert @drawable/title_search into a drawable",1337124004344
opened,editor,com.android.ide.eclipse.adt,18.0.0.v201203301601-306762,"com.android.ide.eclipse.editors.CommonXmlEditor",1337124004475
activated,editor,com.android.ide.eclipse.adt,18.0.0.v201203301601-306762,"com.android.ide.eclipse.editors.CommonXmlEditor",1337124004585
executed,command,org.eclipse.ui,3.7.0.I20110602-0100,"org.eclipse.ui.file.save",1337124018134
activated,editor,com.android.ide.eclipse.adt,18.0.0.v201203301601-306762,"com.android.ide.eclipse.editors.CommonXmlEditor",1337124019612
closed,editor,com.android.ide.eclipse.adt,18.0.0.v201203301601-306762,"com.android.ide.eclipse.editors.CommonXmlEditor",1337124019612
activated,view,org.eclipse.jdt.ui,3.7.1.r371_v20110824-0800,"org.eclipse.jdt.ui.PackageExplorer",1337124021518
error,log,,,"activity_f1.xml: Failed to convert @drawable/title_search into a drawable",1337124021935
opened,editor,com.android.ide.eclipse.adt,18.0.0.v201203301601-306762,"com.android.ide.eclipse.editors.CommonXmlEditor",1337124022033
activated,editor,com.android.ide.eclipse.adt,18.0.0.v201203301601-306762,"com.android.ide.eclipse.editors.CommonXmlEditor",1337124022146
executed,command,org.eclipse.ui,3.7.0.I20110602-0100,"org.eclipse.ui.file.save",1337124031722
activated,editor,com.android.ide.eclipse.adt,18.0.0.v201203301601-306762,"com.android.ide.eclipse.editors.CommonXmlEditor",1337124033668
closed,editor,com.android.ide.eclipse.adt,18.0.0.v201203301601-306762,"com.android.ide.eclipse.editors.CommonXmlEditor",1337124033668
activated,view,org.eclipse.jdt.ui,3.7.1.r371_v20110824-0800,"org.eclipse.jdt.ui.PackageExplorer",1337124034659
error,log,,,"activity_f2.xml: Failed to convert @drawable/title_search into a drawable",1337124035080
opened,editor,com.android.ide.eclipse.adt,18.0.0.v201203301601-306762,"com.android.ide.eclipse.editors.CommonXmlEditor",1337124035247
activated,editor,com.android.ide.eclipse.adt,18.0.0.v201203301601-306762,"com.android.ide.eclipse.editors.CommonXmlEditor",1337124035379
executed,command,org.eclipse.ui,3.7.0.I20110602-0100,"org.eclipse.ui.file.save",1337124042119
activated,editor,com.android.ide.eclipse.adt,18.0.0.v201203301601-306762,"com.android.ide.eclipse.editors.CommonXmlEditor",1337124043700
closed,editor,com.android.ide.eclipse.adt,18.0.0.v201203301601-306762,"com.android.ide.eclipse.editors.CommonXmlEditor",1337124043701
activated,view,org.eclipse.jdt.ui,3.7.1.r371_v20110824-0800,"org.eclipse.jdt.ui.PackageExplorer",1337124044621
error,log,,,"activity_f3.xml: Failed to convert @drawable/title_search into a drawable",1337124045084
opened,editor,com.android.ide.eclipse.adt,18.0.0.v201203301601-306762,"com.android.ide.eclipse.editors.CommonXmlEditor",1337124045255
activated,editor,com.android.ide.eclipse.adt,18.0.0.v201203301601-306762,"com.android.ide.eclipse.editors.CommonXmlEditor",1337124045386
executed,command,org.eclipse.ui,3.7.0.I20110602-0100,"org.eclipse.ui.file.save",1337124052355
activated,editor,com.android.ide.eclipse.adt,18.0.0.v201203301601-306762,"com.android.ide.eclipse.editors.CommonXmlEditor",1337124053958
closed,editor,com.android.ide.eclipse.adt,18.0.0.v201203301601-306762,"com.android.ide.eclipse.editors.CommonXmlEditor",1337124053958
activated,view,org.eclipse.jdt.ui,3.7.1.r371_v20110824-0800,"org.eclipse.jdt.ui.PackageExplorer",1337124054856
error,log,,,"activity_f4.xml: Failed to convert @drawable/title_search into a drawable",1337124055355
opened,editor,com.android.ide.eclipse.adt,18.0.0.v201203301601-306762,"com.android.ide.eclipse.editors.CommonXmlEditor",1337124055464
activated,editor,com.android.ide.eclipse.adt,18.0.0.v201203301601-306762,"com.android.ide.eclipse.editors.CommonXmlEditor",1337124055620
executed,command,org.eclipse.ui,3.7.0.I20110602-0100,"org.eclipse.ui.file.save",1337124062240
activated,editor,com.android.ide.eclipse.adt,18.0.0.v201203301601-306762,"com.android.ide.eclipse.editors.CommonXmlEditor",1337124063516
closed,editor,com.android.ide.eclipse.adt,18.0.0.v201203301601-306762,"com.android.ide.eclipse.editors.CommonXmlEditor",1337124063517
activated,view,org.eclipse.jdt.ui,3.7.1.r371_v20110824-0800,"org.eclipse.jdt.ui.PackageExplorer",1337124065615
error,log,,,"activity_f5.xml: Failed to convert @drawable/title_search into a drawable",1337124066139
opened,editor,com.android.ide.eclipse.adt,18.0.0.v201203301601-306762,"com.android.ide.eclipse.editors.CommonXmlEditor",1337124066253
activated,editor,com.android.ide.eclipse.adt,18.0.0.v201203301601-306762,"com.android.ide.eclipse.editors.CommonXmlEditor",1337124066368
executed,command,org.eclipse.ui,3.7.0.I20110602-0100,"org.eclipse.ui.file.save",1337124073548
activated,view,org.eclipse.jdt.ui,3.7.1.r371_v20110824-0800,"org.eclipse.jdt.ui.PackageExplorer",1337124074860
error,log,,,"activity_f6.xml: Failed to convert @drawable/title_search into a drawable",1337124075267
opened,editor,com.android.ide.eclipse.adt,18.0.0.v201203301601-306762,"com.android.ide.eclipse.editors.CommonXmlEditor",1337124075386
activated,editor,com.android.ide.eclipse.adt,18.0.0.v201203301601-306762,"com.android.ide.eclipse.editors.CommonXmlEditor",1337124075495
executed,command,org.eclipse.ui,3.7.0.I20110602-0100,"org.eclipse.ui.file.save",1337124081247
activated,view,org.eclipse.jdt.ui,3.7.1.r371_v20110824-0800,"org.eclipse.jdt.ui.PackageExplorer",1337124082274
error,log,,,"activity_home.xml: Failed to convert @drawable/title_search into a drawable",1337124082704
opened,editor,com.android.ide.eclipse.adt,18.0.0.v201203301601-306762,"com.android.ide.eclipse.editors.CommonXmlEditor",1337124082857
activated,editor,com.android.ide.eclipse.adt,18.0.0.v201203301601-306762,"com.android.ide.eclipse.editors.CommonXmlEditor",1337124082975
executed,command,org.eclipse.ui,3.7.0.I20110602-0100,"org.eclipse.ui.file.save",1337124090499
activated,view,org.eclipse.jdt.ui,3.7.1.r371_v20110824-0800,"org.eclipse.jdt.ui.PackageExplorer",1337124092368
error,log,,,"activity_search.xml: Failed to convert @drawable/title_search into a drawable",1337124092732
opened,editor,com.android.ide.eclipse.adt,18.0.0.v201203301601-306762,"com.android.ide.eclipse.editors.CommonXmlEditor",1337124092845
activated,editor,com.android.ide.eclipse.adt,18.0.0.v201203301601-306762,"com.android.ide.eclipse.editors.CommonXmlEditor",1337124092953
deactivated,workbench,org.eclipse.ui.workbench,3.7.0.I20110519-0100,"",1337124105228
executed,command,org.eclipse.ui,3.7.0.I20110602-0100,"org.eclipse.ui.edit.delete",1337124106521
activated,workbench,org.eclipse.ui.workbench,3.7.0.I20110519-0100,"",1337124106605
activated,view,org.eclipse.jdt.ui,3.7.1.r371_v20110824-0800,"org.eclipse.jdt.ui.PackageExplorer",1337124106626
activated,view,com.android.ide.eclipse.ddms,18.0.0.v201203301601-306762,"com.android.ide.eclipse.ddms.views.LogCatView",1337124108022
activated,view,org.eclipse.jdt.ui,3.7.1.r371_v20110824-0800,"org.eclipse.jdt.ui.PackageExplorer",1337124108889
opened,editor,com.android.ide.eclipse.adt,18.0.0.v201203301601-306762,"com.android.ide.eclipse.editors.CommonXmlEditor",1337124109949
activated,editor,com.android.ide.eclipse.adt,18.0.0.v201203301601-306762,"com.android.ide.eclipse.editors.CommonXmlEditor",1337124110035
activated,view,org.eclipse.jdt.ui,3.7.1.r371_v20110824-0800,"org.eclipse.jdt.ui.PackageExplorer",1337124110086
activated,editor,com.android.ide.eclipse.adt,18.0.0.v201203301601-306762,"com.android.ide.eclipse.editors.CommonXmlEditor",1337124112098
activated,view,org.eclipse.jdt.ui,3.7.1.r371_v20110824-0800,"org.eclipse.jdt.ui.PackageExplorer",1337124130038
executed,command,,,"com.android.ide.eclipse.adt.debug.launching.LaunchShortcut.run",1337124138326
activated,view,org.eclipse.ui.console,3.5.100.v20110511,"org.eclipse.ui.console.ConsoleView",1337124140706
deactivated,workbench,org.eclipse.ui.workbench,3.7.0.I20110519-0100,"",1337124144012
activated,workbench,org.eclipse.ui.workbench,3.7.0.I20110519-0100,"",1337124164701
activated,editor,com.android.ide.eclipse.adt,18.0.0.v201203301601-306762,"com.android.ide.eclipse.editors.CommonXmlEditor",1337124164743
started,bundle,org.eclipse.wst.xsl.debug.ui,1.0.200.v201101281837,"org.eclipse.wst.xsl.debug.ui",1337124239612
executed,command,org.eclipse.ui,3.7.0.I20110602-0100,"org.eclipse.ui.edit.text.contentAssist.proposals",1337124306365
executed,command,org.eclipse.ui,3.7.0.I20110602-0100,"org.eclipse.ui.file.save",1337124323924
executed,command,org.eclipse.ui,3.7.0.I20110602-0100,"org.eclipse.ui.edit.copy",1337124329878
executed,command,org.eclipse.ui,3.7.0.I20110602-0100,"org.eclipse.ui.edit.paste",1337124330648
executed,command,org.eclipse.ui,3.7.0.I20110602-0100,"org.eclipse.ui.file.save",1337124331607
executed,command,org.eclipse.ui,3.7.0.I20110602-0100,"org.eclipse.ui.edit.undo",1337124343121
executed,command,org.eclipse.ui,3.7.0.I20110602-0100,"org.eclipse.ui.file.save",1337124345037
activated,view,org.eclipse.jdt.ui,3.7.1.r371_v20110824-0800,"org.eclipse.jdt.ui.PackageExplorer",1337124358780
opened,editor,com.android.ide.eclipse.adt,18.0.0.v201203301601-306762,"com.android.ide.eclipse.editors.CommonXmlEditor",1337124372178
activated,editor,com.android.ide.eclipse.adt,18.0.0.v201203301601-306762,"com.android.ide.eclipse.editors.CommonXmlEditor",1337124372253
deactivated,workbench,org.eclipse.ui.workbench,3.7.0.I20110519-0100,"",1337124376044
activated,workbench,org.eclipse.ui.workbench,3.7.0.I20110519-0100,"",1337124386013
deactivated,workbench,org.eclipse.ui.workbench,3.7.0.I20110519-0100,"",1337124420586
activated,workbench,org.eclipse.ui.workbench,3.7.0.I20110519-0100,"",1337124424706
executed,command,org.eclipse.ui,3.7.0.I20110602-0100,"org.eclipse.ui.file.save",1337124441964
activated,editor,com.android.ide.eclipse.adt,18.0.0.v201203301601-306762,"com.android.ide.eclipse.editors.CommonXmlEditor",1337124447211
executed,command,org.eclipse.ui,3.7.0.I20110602-0100,"org.eclipse.ui.edit.text.contentAssist.proposals",1337124455747
executed,command,org.eclipse.ui,3.7.0.I20110602-0100,"org.eclipse.ui.edit.text.contentAssist.proposals",1337124464260
executed,command,org.eclipse.ui,3.7.0.I20110602-0100,"org.eclipse.ui.file.save",1337124470027
activated,view,org.eclipse.ui.console,3.5.100.v20110511,"org.eclipse.ui.console.ConsoleView",1337124470442
activated,editor,com.android.ide.eclipse.adt,18.0.0.v201203301601-306762,"com.android.ide.eclipse.editors.CommonXmlEditor",1337124472054
executed,command,org.eclipse.ui,3.7.0.I20110602-0100,"org.eclipse.ui.file.save",1337124484861
executed,command,org.eclipse.ui,3.7.0.I20110602-0100,"org.eclipse.ui.edit.copy",1337124493474
activated,editor,com.android.ide.eclipse.adt,18.0.0.v201203301601-306762,"com.android.ide.eclipse.editors.CommonXmlEditor",1337124495555
activated,editor,com.android.ide.eclipse.adt,18.0.0.v201203301601-306762,"com.android.ide.eclipse.editors.CommonXmlEditor",1337124496516
closed,editor,com.android.ide.eclipse.adt,18.0.0.v201203301601-306762,"com.android.ide.eclipse.editors.CommonXmlEditor",1337124496517
activated,editor,org.eclipse.jdt.ui,3.7.1.r371_v20110824-0800,"org.eclipse.jdt.ui.CompilationUnitEditor",1337124497320
activated,editor,com.android.ide.eclipse.adt,18.0.0.v201203301601-306762,"com.android.ide.eclipse.editors.CommonXmlEditor",1337124498506
closed,editor,org.eclipse.jdt.ui,3.7.1.r371_v20110824-0800,"org.eclipse.jdt.ui.CompilationUnitEditor",1337124498507
closed,editor,org.eclipse.jdt.ui,3.7.1.r371_v20110824-0800,"org.eclipse.jdt.ui.CompilationUnitEditor",1337124499547
activated,view,org.eclipse.jdt.ui,3.7.1.r371_v20110824-0800,"org.eclipse.jdt.ui.PackageExplorer",1337124500423
activated,editor,com.android.ide.eclipse.adt,18.0.0.v201203301601-306762,"com.android.ide.eclipse.editors.CommonXmlEditor",1337124504930
activated,editor,com.android.ide.eclipse.adt,18.0.0.v201203301601-306762,"com.android.ide.eclipse.editors.CommonXmlEditor",1337124504989
closed,editor,com.android.ide.eclipse.adt,18.0.0.v201203301601-306762,"com.android.ide.eclipse.editors.CommonXmlEditor",1337124507051
closed,editor,com.android.ide.eclipse.adt,18.0.0.v201203301601-306762,"com.android.ide.eclipse.editors.CommonXmlEditor",1337124507525
activated,editor,com.android.ide.eclipse.adt,18.0.0.v201203301601-306762,"com.android.ide.eclipse.editors.CommonXmlEditor",1337124508053
closed,editor,com.android.ide.eclipse.adt,18.0.0.v201203301601-306762,"com.android.ide.eclipse.editors.CommonXmlEditor",1337124508718
activated,editor,com.android.ide.eclipse.adt,18.0.0.v201203301601-306762,"com.android.ide.eclipse.editors.CommonXmlEditor",1337124509227
activated,editor,com.android.ide.eclipse.adt,18.0.0.v201203301601-306762,"com.android.ide.eclipse.editors.CommonXmlEditor",1337124509690
closed,editor,com.android.ide.eclipse.adt,18.0.0.v201203301601-306762,"com.android.ide.eclipse.editors.CommonXmlEditor",1337124509691
closed,editor,com.android.ide.eclipse.adt,18.0.0.v201203301601-306762,"com.android.ide.eclipse.editors.manifest.ManifestEditor",1337124510507
activated,editor,com.android.ide.eclipse.adt,18.0.0.v201203301601-306762,"com.android.ide.eclipse.editors.CommonXmlEditor",1337124511708
closed,editor,com.android.ide.eclipse.adt,18.0.0.v201203301601-306762,"com.android.ide.eclipse.editors.CommonXmlEditor",1337124511708
closed,editor,org.eclipse.ui.editors,3.7.0.v20110517-0800,"org.eclipse.ui.DefaultTextEditor",1337124512547
closed,editor,org.eclipse.jdt.ui,3.7.1.r371_v20110824-0800,"org.eclipse.jdt.ui.PropertiesFileEditor",1337124513620
activated,editor,org.eclipse.jdt.ui,3.7.1.r371_v20110824-0800,"org.eclipse.jdt.ui.CompilationUnitEditor",1337124514783
closed,editor,com.android.ide.eclipse.adt,18.0.0.v201203301601-306762,"com.android.ide.eclipse.editors.CommonXmlEditor",1337124514783
activated,editor,org.eclipse.jdt.ui,3.7.1.r371_v20110824-0800,"org.eclipse.jdt.ui.CompilationUnitEditor",1337124517388
